ID, UUID, Time (s), Siblings Left
279, 5cb53978-1bbc-5021-8bb9-86e5d850e863, 21600, 98
471, 9b33b038-1aa7-5ae1-9cc7-6fb8ef3d263a, 21600, 42
648, d4e6cc58-2179-5a97-b1b6-2201db1a37f4, 10, 0
32, 0b32beb0-2191-5ac8-a2a6-07ba09ac6543, 10, 0
97, 1d1d1222-3b2b-5aa0-ada6-f384bb042f63, 21600, 42
258, 54d7a17f-fd03-5754-8549-4b8051ddb7a0, 21600, 17
287, 5da0a214-c405-547e-8544-f1fac24c7979, 21600, 98
446, 91df5682-6046-5614-b663-fe6715912f83, 10, 0
616, cc67fdae-a179-56e8-ba8d-56468ed1ade7, 10, 0
99, 1e01457c-edfd-5fd2-835d-7292d7a63c2f, 80, 0
341, 6e426bde-4484-5498-bb85-304b3e5b664e, 21600, 98
498, a2c995a7-d391-5d74-90df-7d46ebe42b35, 10, 0
600, c37b5cdd-c957-55f8-83fe-d28b3ce739e2, 10, 0
608, ca639b32-9f04-50dd-91a7-2920ecf4ec23, 21600, 2
0, 00122b92-1f8c-5102-a48b-4514fc2dcf87, 30, 0
122, 2756465d-6ff2-51a7-9ff9-e2af5d2ae727, 10, 0
128, 27f4f0ee-4235-50e1-8658-83c81b72dd94, 10, 0
161, 32dc12d4-866e-53b6-ac17-b6a58664b67c, 21600, 2
347, 70127be5-aa21-5821-b736-2407045d6585, 1680, 0
406, 8511543e-a44f-5efd-b294-bec31a3bb442, 10, 0
470, 9aa3ec67-1d9d-505d-8165-fb893719a121, 10, 0
531, acbbcc52-0a6e-5165-b807-9ca47a672048, 30, 0
643, d46e9147-74e3-5f44-b8ac-f7c4b4e55f61, 21600, 2
137, 2b010d14-a3ee-5024-bedb-4a4ddf427fda, 21600, 3
218, 45f5a8ce-e028-558d-a56b-1988c81a4ea7, 10, 0
232, 4bc9d894-27d8-5d43-b14a-72afb12f7489, 21600, 4
359, 72fe8a56-51a7-510a-b4ae-ca79d481cbdb, 830, 0
553, b59d9afa-0158-58e1-9c9f-170c4df64f90, 21600, 2
690, e35a51a2-02c5-5091-8f16-430420005477, 21600, 3
265, 55ffe6d8-0001-522d-a313-9e0969eaaf64, 21600, 3
281, 5d18b49b-4cfd-507f-8631-ed15558e5b06, 21600, 42
489, 9f8a1a58-d824-5302-9ef4-78c2310ccb3f, 10, 0
530, acb32a3f-97f7-51c4-af08-5780a71b9217, 21600, 3
667, dc399259-5f62-592a-8665-64eded33ae14, 20, 0
733, f646a8b8-8e09-5224-88a7-8ddd4c90ee90, 530, 0
88, 196ee876-d675-5495-9330-a98f6a237d11, 10, 0
125, 276ce7a7-438b-5139-ad5c-1400bd9a20a4, 10, 0
191, 3b8b6f16-0475-5fa8-bb76-c14e16b3297c, 170, 0
370, 7826486b-a739-59ae-aab3-5752c6d73d34, 21600, 4
416, 86bd2e53-67d6-5421-ad12-50f3f1fd04ec, 21600, 2
434, 8d30568e-5b69-53a5-bc52-f47ba0ec6ccd, 21600, 14
641, d3c3bb7a-73e3-5805-b5c0-eb526ecbd8b2, 21600, 98
81, 18de5388-1f9a-538e-9cfe-c501151c179b, 10, 0
451, 92d6c01f-320e-587e-8704-59de0cd58a4d, 21600, 42
466, 98c3925a-b586-5a8e-9f87-375306b02810, 250, 0
507, a54833f9-c060-53f5-834e-a96b454002da, 21600, 25
573, bab4f92f-7018-5306-8767-d32f6ab88201, 21600, 2
613, caf77a7d-8780-52af-b453-22ecf4b6b82c, 21600, 25
696, e5bc29a2-a724-508c-bc59-18374cef5845, 740, 0
7, 028fefaf-31c2-57ea-b3a9-2ab363fe76d6, 20, 0
58, 10fee283-d686-513d-bc7f-a1f95a8b4cd7, 10, 0
395, 82ff2a62-5abd-58ea-bb4e-657e792548f4, 20, 0
629, d02b301a-5e5c-52bd-a6a9-2cf30e4b319e, 970, 0
231, 4b63990e-740e-568c-b94d-0d4e415ff7f6, 21600, 42
277, 5c52cb2c-59ee-5ad0-8e7a-3012c748675d, 10, 0
246, 4ff3cdc5-a0a3-51e2-a7df-4fa4b5f68899, 3100, 0
276, 5b8c9844-678f-53a0-96ed-6e14124ace30, 21600, 42
683, e1089ee5-f191-5d13-9ee7-080af7dcbfc3, 10, 0
234, 4d2f948f-2d10-567a-93ed-55c06c238f89, 90, 0
549, b4d25d94-07cb-5e91-bc59-e2e08e17f9c2, 120, 0
575, bb62207e-8d31-56fd-b94c-bd899c579d83, 280, 0
595, c1a03217-2a52-50b7-94fd-0d06f19ca59c, 6970, 0
666, dbb73b25-49bb-5c29-a002-c26238838c1a, 21600, 17
457, 94af4d55-7551-590f-9f02-11d1bd9a9cef, 10, 0
535, ad6d0013-5eeb-5466-9dbd-434a3da46a84, 10, 0
697, e610de02-2576-5d25-b748-8fb67605c0fb, 230, 0
188, 3b3b8bd1-baf2-5694-93be-3f17e4622975, 10, 0
362, 73e1ff5d-07e7-52a9-a6c0-0a57f4c62355, 10, 0
495, a13b3ae3-a4df-542c-8ce3-16c428305c45, 10, 0
651, d67199e2-b5d7-5bf9-99a3-340ffd02fc23, 21600, 4
660, d94bb2af-1dcf-5fbc-8881-902719219af2, 21600, 98
721, efbf2b64-1ee1-5a06-a8d0-ec926a8d8fd0, 21600, 17
135, 299120c4-a823-5925-a23e-e9166ddb71a4, 21600, 25
283, 5d538fe3-f342-5244-9499-3376629ae6bf, 21600, 98
405, 84f34300-e3bf-5502-99d0-4f0fd7fcb22e, 10, 0
511, a7227148-bbb4-5146-920e-95ab9603ff8d, 10, 0
601, c42fc835-b255-541e-897b-2ee627188012, 21600, 98
177, 38dabedd-632f-56e2-a048-bcab63efadf9, 21600, 22
699, e6b02294-2b37-5683-8428-dad029a05266, 10, 0
197, 3cc99582-dd8c-5ba1-a4c0-33cf7214310b, 50, 0
377, 79f63281-8bda-5cca-ab31-ed22940f76f7, 10, 0
508, a65ef581-757c-526e-910b-d0319f8b70c7, 10, 0
550, b4df6121-ca6e-55ab-8067-7b39ec3f4664, 21600, 36
692, e4bc2dcb-d8ee-50aa-8e9f-83f23c167184, 21600, 2
24, 093c339f-95ce-50dd-bed6-6c8bb42297ca, 21600, 98
104, 1e825833-f376-59c7-bab3-033cd5875563, 21600, 98
219, 46161d98-8ad0-56b4-a3fa-b30eaca78834, 21600, 3
248, 50647e3b-3527-518c-9878-00c0dc40b3a2, 120, 0
293, 600cbb3f-c9b6-5447-aa54-2c20ffa551ac, 10, 0
361, 734dbbb6-e9e7-5918-9d95-b1f5228cf9d1, 21600, 4
638, d2ab0301-88e8-5c04-9dbb-7d594735d8a8, 21600, 2
647, d4d8b818-f666-5ab1-9e2b-126c636f125a, 150, 0
680, dfab5bf7-3be6-5b40-8bfa-2eb72c9261fc, 21600, 22
517, aa7b8998-bbac-57db-a116-a3ddcbe840ba, 21600, 6
37, 0c242280-c2b5-5070-9752-f38ac1677e7e, 10, 0
353, 71743bbc-e482-5eac-9962-51b979e9489f, 21600, 22
557, b7370c95-581a-5fda-9122-21fc69df688c, 640, 0
68, 13eeae97-c894-55fd-a035-5fa2202dedc0, 10, 0
78, 18381572-b52b-51fc-a48a-c32c235a0af3, 21600, 3
126, 277df2d3-39ee-59b9-9576-0ffa954b58b9, 21600, 98
392, 816cf899-e4a2-5d23-9f3e-0a056814aac1, 21600, 42
428, 8b7db100-5fbd-5ee2-a7b0-e005ef736669, 10, 0
439, 8e642699-aecc-5de6-9ee9-f2016a3e70d7, 410, 0
636, d28536e4-6054-59db-bf5b-4157a0ad0699, 10, 0
6, 027c3d70-66a1-5a75-bc2d-1766c8bfbe0d, 21600, 98
65, 13948494-ae9b-5829-a7cf-61c08ffa681d, 21600, 14
138, 2b115108-228e-5a82-bc46-50d4b205e9dd, 21600, 2
313, 65ebd604-253b-50ea-b62e-f810935a20f6, 21600, 3
522, ab586154-ffeb-52af-ac83-6d0091f4e870, 10, 0
51, 0f5e0bec-3e85-561b-9119-a3cdac0644fc, 10, 0
134, 28f86647-91d8-5d85-97c2-f8c3ca75ddb1, 10, 0
150, 2f5232b9-588f-5aa8-8bad-94302835a581, 21600, 2
189, 3b4973c4-80ef-5d35-ae39-fab434591b36, 21600, 3
194, 3c00fbfb-6420-5dbc-89e4-a85afb02c45a, 390, 0
464, 96921280-ca0c-52eb-bf88-b09a3fe6017e, 21600, 98
506, a547eb72-ebe9-538e-9803-8b02d6ad1cb1, 21600, 17
12, 04180670-3958-59c4-b67c-a90d624d3c01, 10, 0
198, 3d096a57-3a1b-5b3d-9cf2-626813d4f83b, 50, 0
606, c868228f-9a4a-5448-82c1-298f0b5bb06a, 21600, 98
69, 14145694-b179-527c-8fd8-f0c11715fe7c, 150, 0
153, 2f90b86f-79c3-5bbe-b845-2f8a26d8cfda, 21600, 36
155, 2ff2d31d-edf1-5f20-b56b-a22f56f8ace0, 250, 0
354, 719487aa-d281-55b0-a8ff-6f84fab87195, 10, 0
525, abb30af4-b999-5f7b-9f7e-d3928a9ab931, 10, 0
25, 09578683-7a60-5964-b4cb-34478db8410a, 21600, 98
141, 2bbbe6aa-f59a-5d92-af9a-ceb11825a8b6, 21600, 2
206, 40e39225-010b-51de-8cec-03b428b7d4b6, 10, 0
269, 57a0c3d1-65bd-5c60-bc9c-c7fd69deba65, 21600, 98
397, 8366d7c5-36ae-59ac-b78b-c6eb6b3f7f5c, 21600, 98
53, 103999c7-aff9-5e79-872b-225aa0e38b2b, 21600, 3
413, 86507902-b752-56de-9ddf-a528975d696b, 21600, 2
619, cd3c13a3-8765-5f5a-9c28-7a8977212111, 10, 0
675, de24c570-777b-5eb7-8a6b-48ac81316e33, 170, 0
741, fa54d8b6-a5c4-5ad0-b865-755637919e7b, 10, 0
2, 0109b0ed-bf76-5588-adf0-1f30b51dcda6, 21600, 3
66, 13981d8d-7b2f-5d33-85a9-778007c3120a, 21600, 2
235, 4d310faf-f983-50fd-8324-9d1c40b912fa, 240, 0
257, 5341d06d-f338-5e8a-aa63-d72fe657033b, 10, 0
311, 64d3b887-f551-5648-a00f-c25dbed908b3, 12020, 0
345, 6f543147-29b0-55c2-a5ce-a0ec3cbaf008, 350, 0
398, 837fc175-70cd-54fc-97f2-3cdd473bb809, 10, 0
463, 966881a3-426b-58fb-a63a-89b46980fc61, 1040, 0
492, a09b6130-4e66-59db-a9d8-f6a41ba84d63, 10, 0
682, e0c0e55e-d36d-5a23-9f66-880c4e0f6751, 10, 0
728, f3277518-de87-5acf-886a-fbd9e278ab9c, 21600, 36
74, 15ae83bc-7f0a-5227-a4c5-f7a7176621dd, 21600, 98
77, 177d7fb0-989b-598c-9648-883ca9de52f4, 21600, 98
238, 4dcb4b4b-479a-5d64-8fce-fead0535cd6e, 170, 0
332, 6b0cc25e-9688-521c-ada6-7b711da20ff8, 10, 0
391, 80e36c36-8692-5d15-943d-a1c01593f283, 10, 0
445, 90ba3595-4363-5175-a908-c34f91f4e06f, 10, 0
472, 9b4f1dc1-3fde-5d43-9880-cafb7a5dfafb, 21600, 17
610, ca9367d7-df8d-55ef-a87d-547257baeadb, 21600, 36
59, 1110e38e-9f7d-54a9-b45e-df11f1c8c612, 12090, 0
70, 1458ab83-9aa5-523b-a569-917877127110, 21600, 4
274, 5ada83b8-0333-5d28-b363-4f9682939def, 10, 0
322, 6850b4ef-75e4-540e-8674-89a75f3403d6, 21600, 4
343, 6f12a313-4a81-5bfd-aae5-f8f8b2df54fa, 10, 0
384, 7baa4ac6-f9b5-5c4c-ae0b-9adcd2184dc0, 10, 0
408, 85b4d787-7989-5d68-9aab-cd9dbec9b6d9, 21600, 3
604, c6126f32-88a7-5943-aa66-6b0f19c91827, 21600, 25
750, fd6ea922-cdb6-5db5-9a95-86f97742d577, 21600, 36
19, 072015f0-ff7e-5912-81b8-fc33f5642685, 21600, 98
245, 4fe6f7de-0f94-5444-ba32-e3cf929822bc, 21600, 98
280, 5d158dde-9883-54d9-b6d7-7525eb76f00e, 21600, 98
335, 6c3eb239-36a3-5023-90ad-01f6fa24e4a9, 21600, 36
417, 8739407f-194c-5d23-92b9-18a4a85c3b66, 21600, 25
455, 94651338-a24e-556a-a726-7296e4c1e8de, 21600, 98
626, cee3c601-b195-55b6-96d9-090975a6ba6a, 300, 0
294, 602e5e74-48fd-542b-9d91-040e61547f89, 21600, 42
321, 67bf9c6f-9ad0-5c58-b31c-3f781cc22847, 21600, 36
326, 695690a1-d9e1-5319-87a0-832cbfc57fb9, 310, 0
480, 9e19932c-4693-5c5f-9a93-757efbbc008a, 10, 0
547, b2d64333-c5c8-5266-9bfe-937a3ff5ca92, 10, 0
645, d4ab9eb2-64b6-5475-8a3d-67541f513b87, 21600, 2
103, 1e71a581-4612-5f12-a6fd-6fd1e3f6d6ea, 10, 0
290, 5dbd5036-fa23-5550-904a-50ffa370aadc, 1680, 0
329, 69a52db2-69e3-5d63-80b7-7ceaedeb9e2a, 21600, 22
497, a29d14df-63b6-5da4-8dca-6e63f2c41f17, 230, 0
743, fa84167f-415d-5eea-8a9e-4f466b128bce, 10, 0
169, 3683ae58-ddd6-5381-a28f-adc4302d65d3, 21600, 42
559, b7808505-9a47-5597-bebc-117b59f8b6fe, 250, 0
583, bd6da486-f317-5f41-ac4f-753587148db2, 21600, 22
585, bdd8cfa9-730e-5fa1-b025-d0649a377a8f, 21600, 2
271, 58fa7035-663e-51de-841b-91e4eeba499e, 21600, 98
330, 6a37994b-23e9-5cc0-8692-31fdae15014c, 10, 0
663, da5d90d2-52e0-50b8-a49e-f111af60111d, 21600, 17
677, deff3fcb-1ed8-54aa-8d4e-61e8614edde2, 21600, 17
151, 2f53382c-41ff-54a3-a6b2-32def71a1cd5, 4620, 0
268, 56ef1769-673f-5eec-8aa3-35bedf70a14d, 21600, 3
722, f02f50f9-fc41-555a-8276-befd58a3754f, 21600, 25
230, 4aeb048a-3669-5c40-9148-b3ff78ceff6e, 21600, 25
251, 51117be8-b7c1-570a-8cf3-61e0fe9dd798, 21600, 3
579, bcad2d1c-192b-50b2-899e-11d39903c493, 21600, 2
581, bd2f0c78-9674-50d5-9c17-fc7321834504, 10, 0
609, ca68430b-3175-53c1-b1d1-3c40db5b5a93, 21600, 98
646, d4bea3fb-9053-5210-aafa-dc56d91b7787, 10, 0
662, da11760d-955e-538d-8843-a3d044e5f7eb, 120, 0
8, 02bec345-7257-53ab-8981-9b116f0ba48d, 21600, 2
174, 383cfe88-190b-5d82-8d73-ec826e2a51d5, 10, 0
223, 492324a4-a33b-518c-bf93-514174058c12, 21600, 14
351, 71005b36-4682-593b-8ede-e59d47f09899, 30, 0
352, 71401ca2-d9ee-5772-953d-d76fca43ce89, 21600, 17
461, 956a2619-585b-5b66-99bb-84c2e5c7e470, 250, 0
499, a2cfb03a-0960-546e-a47c-0f5b8c3a59cd, 21600, 2
578, bbe92ee7-ff0e-5d3d-9ab7-a00725832612, 21600, 17
635, d28363a5-a812-56fb-8830-4e085e0f6375, 10, 0
90, 1a1d468e-fc91-5a12-b118-e56b37e54ff5, 10, 0
187, 3ac778ef-1ca7-56c0-b581-294d3f74a411, 21600, 98
375, 78ab81bb-295c-515b-a78c-911e26db0e67, 21600, 98
396, 834a38a1-3b99-5599-9537-75959b844f63, 21600, 14
624, ce794e7e-9efe-533d-8ea9-f85053e9058c, 140, 0
668, dc784b39-642f-5af8-b7e7-47a1213b8587, 1010, 0
689, e3149cb1-0f6b-5aa5-9af3-5cb38c5df5b5, 21600, 98
713, ed255d63-b67c-5802-be8b-adba9d1b11bd, 21600, 98
95, 1d15919b-b738-5919-a43a-2b79df9a1a2c, 21600, 98
307, 635f7968-a3c5-5b36-9209-9cd57ed1cc50, 10, 0
308, 636a1a53-08e6-502d-8979-d5cedd4e5db7, 21600, 2
334, 6b8eee49-d729-5a15-97b2-3cd6b7b901d4, 400, 0
374, 78846669-2927-54dd-a94c-03fe9f4aa28c, 21600, 98
469, 9a44f834-0313-5308-8817-8892984a6ff4, 21600, 98
527, ac1e9bbb-6603-5c96-891d-da6658fc949a, 230, 0
577, bbaa5d96-e6e9-5706-9809-94a7601f1fa7, 21600, 36
656, d81f1681-67dc-5fe2-b720-3711e9063382, 10, 0
684, e11c37d0-f517-5b31-b1d0-153baf7ff7b4, 21600, 42
27, 0a720cd4-8b99-537f-bfad-fd0837f8516c, 21600, 98
108, 1f7666fa-85ce-5bb2-bae8-89f0af6e4998, 21600, 4
165, 343ddad2-ef08-543e-832d-d9df0a326ea4, 12190, 0
678, df38f87a-cd58-5aca-a9b5-b4d805e026fa, 10, 0
701, e7b91abd-713e-592f-a220-254ff3a025d5, 160, 0
736, f882d7ec-4a2f-50f5-9096-bc3144e39c83, 21600, 4
201, 3f3d224b-6da1-5d4d-ae6c-8c3f11873ac8, 190, 0
208, 42686636-8ddc-50c6-9ca3-1889d3d2fe00, 10, 0
284, 5d741648-fe4f-51dc-9eab-d3f18fa53fb1, 260, 0
337, 6cc5037c-22b3-5c84-878f-a5cdc641120d, 10, 0
338, 6ce5bbb3-2610-5aa2-b538-8a7ae4583fba, 21600, 3
642, d3d4e937-1d57-5a50-85b4-d67cf7b15731, 10, 0
703, e88d7d00-72de-5146-81f2-04d87715d78c, 21600, 14
731, f5dd0a3e-ab44-54ff-9f0d-5533938b0307, 21600, 4
72, 14f4a6e4-61af-5ef9-a975-7eb476efe2af, 20, 0
158, 3145e3c0-1b10-590f-9d69-89c105128a50, 10, 0
182, 3a3357c0-53ad-512d-9eab-382c382c7502, 21600, 98
239, 4de130ce-0a58-588b-8f99-32cffb13be97, 21600, 42
331, 6a8b7b5a-c298-526c-9b81-c6b4b303d33c, 10, 0
465, 971f9af9-6b2a-5a1f-b8a4-e33de96d9b91, 20, 0
584, bdd72f0a-6b80-5efa-8e0f-4ff486c47e63, 10, 0
669, dc8c3a53-bb67-50dc-9916-2c654a3ac97f, 140, 0
226, 4aaf6721-fbc5-55ad-a0d5-e3a11698b50a, 120, 0
250, 510977d9-3c1d-5f45-908a-3626e5c3b5eb, 10, 0
289, 5db0098a-b018-554d-bc19-a4af004303e4, 21600, 2
355, 720a1cc8-6bc1-5191-bbdb-9d8df3e725ab, 21600, 36
518, aa98eeb1-15f6-54e2-bd9a-628e0d83646f, 21600, 98
544, b12d804a-5163-5d76-b008-ad5d2b3badf9, 21600, 98
564, b98eb0a0-892a-5d34-9101-e84154a326e1, 21600, 98
659, d8e5d367-2083-53a0-94b8-d6f1286a76b2, 21600, 4
685, e135a0f3-5147-5a4d-a9dd-249101c53b0d, 21600, 42
383, 7b307dcb-691d-5a0b-836c-7584ff4f8d80, 200, 0
476, 9ca76e5b-f76b-5f4e-9bef-119e40024693, 21600, 42
524, ab940aff-d2d8-57c5-8b2c-b784f26aea5e, 21600, 42
625, ce8b4b0e-d903-553d-913e-c6d78fb0b0ba, 21600, 36
630, d10bd247-d86c-5cc1-b077-56cbd36526b4, 21600, 22
86, 194a62a6-0781-57a3-815f-25a3a0956d1c, 21600, 25
493, a0bd6502-97e6-5561-82ef-2347716148f3, 760, 0
702, e7c44901-f7d1-5357-9347-fa9b820e3e83, 21600, 25
48, 0ebd2b35-e829-5ce3-a9c5-f176716f2133, 10, 0
71, 14618c17-2c1c-5111-a0f7-50b68acf8315, 10, 0
200, 3f089802-c044-5c76-b228-6f2e6693973a, 6140, 0
388, 7f5f8ef8-bc86-5bb2-bdc1-5583351175ec, 21600, 98
484, 9ee672c0-c119-571c-b457-2720c7c73f8a, 200, 0
570, ba9ac967-e0b4-554f-95e3-24b1e9aada59, 21600, 98
634, d2709c2c-5c3f-5a3c-bb34-920c8905d474, 10, 0
709, eb0b8a51-0a37-5cd9-9169-9ab7080a944a, 21600, 22
106, 1f1ce0ea-e18c-553b-8393-e838254ced7c, 21600, 17
154, 2fe39f28-9d8a-5c4c-850a-889b410527c7, 10, 0
183, 3a390313-e863-56f4-aea9-46c4749d3470, 21600, 2
236, 4d4730b5-5ef2-5063-9983-14f2d512eaca, 21600, 42
324, 691931eb-db99-5c44-a3d2-141877f4ec10, 21600, 98
350, 709cb616-e306-5655-81cd-dbf0bad7223b, 130, 0
740, fa47e102-9da9-55c7-bc40-3519fdf84c03, 10, 0
751, fda6319a-ff27-5c17-be6b-9a41de9a5c2d, 21600, 2
752, fdfd61e3-80d4-5c28-8c0b-0e6e8e42b2d5, 10, 0
26, 099c8f51-e358-59c2-95d5-5a5e370fa86c, 21600, 25
83, 18ee1d6b-5306-5560-860f-5eaef2fb8c16, 21600, 25
136, 2ace9e12-923b-5dc3-a9ff-18184c699daf, 10, 0
205, 3f9f54aa-45fb-5257-a829-b13998ba5008, 21600, 25
420, 87d51997-69b5-5a89-9774-fed0ceccff30, 10, 0
496, a149b1b6-3a4a-5542-a371-5596a4ae9328, 10, 0
512, a73a5e75-b6a0-50ca-acf2-303873876039, 10, 0
632, d1f4350b-cd6b-50a3-89dc-9d68ab95e4f0, 250, 0
655, d7adbe06-ab59-59ba-bf5d-36a917c7ac83, 21600, 98
10, 03a297b6-5af3-5d90-a2cf-950b6d900213, 21600, 2
145, 2d24d0ce-03b7-5a42-a96b-0bd55f2448d0, 21600, 98
162, 33f86f5d-7d07-553b-9120-c45f7b337b76, 10, 0
184, 3a423e1b-5266-5c99-83b2-37c725aacd50, 21600, 2
273, 5acfdb1f-409f-5649-9e10-8e2e9adb7581, 21600, 17
386, 7e5fd715-fe5d-5f46-b689-f7afc6fd26d6, 580, 0
422, 883e5994-acab-535d-87ea-8041d43cceaa, 610, 0
537, adcb9b83-4b27-58c6-86e2-c78324e7df81, 21600, 6
568, ba120062-6dcf-5455-98c2-e84e021ae9f3, 21600, 3
618, cd1f3f22-131e-54c1-b57a-26fab838d82e, 21600, 98
199, 3d275742-453f-540b-91f4-404220c48eb4, 21600, 2
292, 5f63e839-23cc-560f-9043-a8690051bb2a, 10, 0
515, a809bfb1-f637-52a1-8ff0-587c973d3c7e, 21600, 42
714, ed516c48-9427-57b3-a2b3-6f86338d783b, 560, 0
13, 04a1aeda-4d57-5df4-b3f9-88b1f02062d7, 21600, 2
47, 0eae04ca-a6ba-5b48-9c31-13a27441f925, 10, 0
105, 1ed45f6b-9d09-5520-962c-89d864957448, 10, 0
157, 31066527-b08c-555f-a520-518193fc52a9, 21600, 2
315, 661d6c9d-ddaa-5b84-bd0e-11cfd7dcd2b1, 210, 0
602, c4f8391b-04f8-515b-928b-19d7d78ac9b3, 12080, 0
644, d48d055f-1168-5a94-928b-7033940e4a58, 770, 0
727, f28c49ba-67bd-595d-9063-36d2d148ee3b, 21600, 3
102, 1e63f9b7-03d9-575c-ae63-c5b3491b681a, 10, 0
237, 4dba3a2a-d20c-5ff4-a1ef-ea53fc570071, 21600, 17
365, 75b0adb3-bd98-572d-bfe3-ac0422217b62, 21600, 98
653, d6d49c89-1ab9-5cbc-a4fa-440153fcc341, 21600, 3
120, 2691f5f2-6d89-504d-96a1-aad2a0075a20, 21600, 17
172, 376a016f-1fa5-52b8-8548-acd844b447c1, 10, 0
403, 849ea25d-3b54-55bc-a55f-eace19158336, 130, 0
555, b66e5676-3a9b-5948-8cd9-ba6c62f0f3d6, 10, 0
567, ba0e46a8-fcb2-5d09-b05d-8a336550dc73, 270, 0
50, 0f25a504-b26d-587f-9c28-70867915f556, 21600, 4
100, 1e235cb8-70c6-586d-9338-25ce7c9595c4, 21600, 17
160, 3180f3c0-7d75-5013-b7f1-b140d92f9e09, 21600, 98
456, 949ee4ae-b10a-5364-9f71-c4f44783fcd1, 250, 0
117, 250e500b-f681-58eb-8f0d-b69426281e64, 21600, 98
212, 430ce44a-221d-5669-a199-f895c0e31763, 21600, 98
282, 5d25b8af-e765-5b8a-98c1-8d45e2b6537b, 21600, 98
323, 68e88dfa-fe7f-5d15-bf34-794e6154c086, 10, 0
576, bb659ccb-135b-5df0-9329-66e81098676c, 12120, 0
586, bebc87d2-7bcc-5fb4-9449-05c6c1ebf49f, 21600, 98
228, 4ae55b30-f78c-5387-9483-f2437bf47aa9, 21600, 98
327, 6973289f-175a-51fa-b2e8-2a032859f739, 21600, 36
79, 1851d807-4317-5692-857a-613f166a3098, 21600, 2
166, 34ce59b6-8b58-5286-a986-9090b273b050, 430, 0
503, a4642166-ecce-5afc-9a38-c2e7987c4c9e, 21600, 42
521, aad9e322-c024-5dda-8922-0299628ea945, 10, 0
44, 0e11fcf4-1995-5410-a88e-923a2e0b904a, 10, 0
110, 20886cf3-9538-5999-82e6-a179a0c3e04b, 10, 0
119, 2664903f-8d7c-57a6-891d-c195b3c7fb2d, 21600, 4
227, 4ad2de42-2eeb-5ce9-a3a2-8d591127f8f2, 21600, 17
369, 77568585-948c-5c64-84a2-3017a7b9077a, 21600, 42
554, b5c1d956-b26c-5c4c-a4cf-0ac2cfd39c0d, 21600, 42
637, d292f5a0-191b-5759-b02e-e748f8741be5, 21600, 17
711, ec5e314e-0503-5db8-a6e4-894354aa0a2a, 180, 0
64, 134c91c5-150a-5549-a17d-5ef15c5a4c4b, 21600, 2
91, 1be4fcc0-b268-5043-9d5f-3b390fd8ca58, 21600, 36
167, 35af15c8-2001-527b-a650-0fc8f80d6e42, 10, 0
357, 72c038bd-30f4-5bd7-b4e2-febe3e86d218, 140, 0
514, a7aa36e6-10c4-5008-8a02-039988f284df, 10, 0
580, bd12784f-262b-53ab-a760-a3ae23e77759, 21600, 3
695, e568d445-9c15-5614-9893-5b2763374516, 21600, 22
723, f07a9c94-412f-5311-a12b-15c6abc15e8d, 21600, 4
41, 0d8cc72b-6c69-5651-9866-fb2a8cc0b414, 21600, 25
130, 2879294f-1bb1-5523-881b-868d03af8f6d, 21600, 25
591, bff47eee-dd7c-5bd2-ace0-d2a1f1ff7705, 30, 0
754, ffda5b18-fd23-569f-acbb-59bc94864f14, 10, 0
438, 8e35ecaa-e6e4-52f4-aa53-4d1d85b9c324, 10, 0
574, bb0f6cb3-4848-5303-baeb-8b5ebf9d1303, 21600, 36
599, c2afb5d9-45e9-5c80-ac5e-16d9a6a1355b, 21600, 22
654, d6f67f24-6092-57f7-85ea-497f6b700551, 8910, 0
679, df6b3a85-13f3-5477-ac1c-cada76c1a111, 17590, 0
33, 0b77ccbe-f93d-588a-9b87-86c0d84a222c, 980, 0
193, 3beb538b-0a53-510c-a1c8-69cdea0fa87b, 10, 0
314, 661b1345-76fd-59a5-9afb-3245026c326d, 21600, 17
418, 87b576e6-224f-5eba-bf54-d78ded3e3467, 21600, 4
452, 92f0e45f-a6a5-529f-a661-a003b35b6272, 21600, 36
490, a01ffa3f-54bf-5ea8-b1b8-9000ca39a7ac, 10, 0
590, bfcd5664-a7a6-5293-a270-eda60084e23a, 21600, 98
114, 227256d9-de52-5ab8-8c4d-82cb3623e3a0, 10, 0
244, 4fe579e5-2800-5192-9b04-f066c86e93f5, 21600, 4
55, 10677f3d-e82c-57a5-9078-70e000ced105, 15320, 0
195, 3c06c1e7-42f0-5e2b-9cef-59ed4f7a2533, 18080, 0
240, 4ea36b36-df60-5edc-9b03-ec3704b524e1, 10, 0
378, 7a6335a4-061e-5a44-b121-cda047bc08b9, 21600, 6
443, 8f8f451f-aa12-5e3a-b2d3-80347afd62bc, 21600, 2
526, ac13946f-fd2f-5ad9-be28-61971fe06b9a, 80, 0
588, bf4ed8ab-bffb-5779-ab23-f3a2ccae1da0, 150, 0
36, 0bf1f574-ef9f-5b4c-8bda-c108600f7c1d, 50, 0
38, 0ca90a18-9e0b-58d0-8637-636c092a8d77, 10, 0
40, 0d872660-79c4-51a9-9f81-54fffb548b20, 21600, 2
54, 105d73a9-3eff-5348-b600-48fec7007d78, 21600, 4
301, 6180cb8a-840f-5b2b-baa7-7210ad15c432, 21600, 98
309, 64aceef3-5034-574b-a803-f04ad1224d39, 10, 0
400, 84858520-2f8b-5dec-b798-1ab13892007d, 21600, 98
505, a511adae-dcec-5e3e-a833-62bc20242d09, 21600, 17
657, d89f21e4-a10b-5863-95d9-982e3e1118a5, 21600, 2
706, e9f809a4-aaf5-5816-afed-7abd7c34945c, 21600, 36
35, 0be8f1d3-86a3-5b35-a929-f049a75986fe, 1300, 0
39, 0d2b1be4-2de5-5f42-9e71-f944b2bb893f, 21600, 17
306, 635b5cfb-5093-5c6a-951a-413957a1e64f, 170, 0
436, 8dc26ec9-f92f-50ce-a2f3-bde121f78d17, 21600, 2
592, c05680f8-33ba-5e3d-bb51-df7542549f64, 10, 0
16, 0598c249-4d0f-5832-b069-d1c32a509cd1, 21600, 42
17, 05992dc8-acf2-59f6-aa11-a2c9b9890d19, 21600, 98
96, 1d17871a-6bac-51c4-bfd1-53d1c57959cd, 21600, 2
112, 219b4380-923b-56d1-b3bc-32cde342d917, 140, 0
254, 51d8b8b4-2eb1-5ad8-be4f-469c21e93290, 21600, 4
288, 5da93b87-42fc-55a9-a1ab-3eab4d93bfe8, 920, 0
295, 603309e4-f30e-522c-8893-334c1cf92d14, 21600, 98
534, ad4ad710-850c-5516-850c-bad255b02fbd, 21600, 98
543, b085785e-b466-5972-afec-56d03e8cf526, 21600, 3
560, b7b56d68-f1a5-55c5-aa79-a06aed4f3a06, 140, 0
707, ea293ea4-bb1a-5bd7-9d9b-b018e8833696, 30, 0
407, 859bc597-f497-5804-823d-727828576eed, 21600, 6
462, 958a403d-36ac-5c98-8356-8d19c2cc50e4, 21600, 17
676, de3dd62e-1b4d-5cf6-9ce8-d3595b21ffbb, 8420, 0
115, 23d3585f-8d22-5c94-b721-f090444335da, 280, 0
479, 9df41de2-2dfb-5cca-bbe8-113b862bd38d, 10, 0
4, 02110912-d75a-5f9b-b956-5e12813926ef, 10, 0
168, 3615448f-06da-5f5b-a670-99c16479ca8a, 21600, 2
349, 709a6645-e2e9-54cb-a194-dc64be51e8a9, 21600, 98
552, b54370d5-c8d3-5e4c-acc2-9b7418d2f33f, 21600, 98
744, fab2c7ca-027c-5f9b-9539-f27fd2022404, 350, 0
56, 10aa798e-a00a-571d-83d4-ceaff7095a5f, 21600, 36
94, 1ce784a8-dfd9-5bed-a89d-92d29c449c8b, 21600, 14
116, 24bfec31-f1ff-5e09-a6d5-a79897f8839a, 21600, 98
372, 78694dbf-fbb2-51b1-9174-5acfe38ceba6, 10, 0
424, 88b029c7-ffff-5c00-ad45-7fc972d94e7e, 21600, 98
748, fca1a4e3-0ea1-5d4a-b782-5f210b30369e, 21600, 25
1, 009f7329-02bf-5541-8127-9176139e32cb, 21600, 98
62, 12b679f9-2633-5f22-a8f4-ef0cbb698f0e, 21600, 2
333, 6b35e94b-fcc2-5eff-ac71-4f979da7da02, 21600, 2
340, 6d8d2585-a999-52c0-9fbe-ce76fc45f6fe, 21600, 98
419, 87bf42b9-6bf2-5d49-bbb6-540047bf962e, 21600, 36
715, ed551447-a2ad-549e-89ab-d1f7d2226917, 20, 0
211, 42ede91b-0c28-5e10-87e2-cc5e315a2c5a, 21600, 22
214, 4435ba57-b2b9-5715-8bc7-a5133f5203c4, 10, 0
259, 551875ff-661d-5b31-a2bd-d10482be92ce, 21600, 3
325, 6929b365-489e-5c86-a8b1-cbe77c39142f, 21600, 14
421, 8827bbdb-153b-55c7-8be7-4f25c78d3ad0, 10, 0
272, 59c77257-d9f9-57ab-ab78-5f3649faa9bd, 10, 0
291, 5e045eaf-d02b-5e5f-bc4c-cc7cc94a0c03, 21600, 2
296, 603c5e44-4bd7-5e5b-89ff-f314b939c63d, 10, 0
693, e4d0691f-6283-5817-b8ea-366dba2a9b20, 21600, 36
60, 11170b55-0ab1-5760-b659-41e1962b6bb3, 21600, 98
252, 519849d5-c821-50c7-a653-6fe5bc85d87c, 18050, 0
447, 91e515aa-3c1e-565a-afc3-01c081f2af24, 21600, 98
528, ac8c5cca-5c67-5e3f-81c4-0704fe3371f4, 21600, 98
596, c1adb408-053d-5599-980d-5de939de0d07, 21600, 2
664, da6c8ea3-7f86-5b4b-8715-4b788086fb4d, 170, 0
267, 56ed7111-5390-5296-b647-06ed6ef85dfa, 8560, 0
532, ad370a99-ce0d-5e95-954a-81c3cc172f6f, 21600, 42
611, caa6ae31-0be9-5667-9c8e-cdc6e68a5af7, 21600, 98
5, 0246e469-3d3f-57b7-a971-b7a00ea99226, 21600, 17
101, 1e58ebd2-27f8-5fad-9f64-d5b3c20e5c34, 10, 0
132, 28a812bd-5be7-5afb-9ddf-713902773b91, 21600, 42
317, 669ad0f2-37d9-584c-9e18-6f00e57c6278, 20, 0
478, 9ddc8d79-8f56-5fcd-b01e-bfc73f1fd089, 21600, 2
540, af9fe31a-655d-5baf-8ed4-bca069b26b3b, 21600, 22
615, cbffe298-b652-5044-9eaa-c63e91f925e6, 21600, 98
109, 1fd9bcf9-8433-5a63-955a-67e6d023d984, 21600, 98
190, 3b505e1a-3ad9-5eae-bad0-f1b78c8c8b8c, 1920, 0
262, 55927101-093d-5f89-aff5-4b7c18aa41b7, 21600, 4
304, 62a822e3-b924-58ed-b02a-6304b0564fb8, 10, 0
426, 89d6d887-df8f-5c7a-8b51-677d3b92c13f, 21600, 4
442, 8f21a1f8-845b-55dc-aa79-90f6ab53d967, 10, 0
394, 82f55c16-a163-5a05-90e3-491e1ae8f12d, 10, 0
425, 89432bff-06f3-5271-8898-d64e6b4fe524, 810, 0
529, ac99e885-2d46-50bb-a09c-b6a74f46108f, 10, 0
658, d8a9937d-6ae2-5a57-b389-cd01c53dbcba, 190, 0
140, 2b9e428d-bf30-5d7a-b81c-2b89ddce08ba, 10, 0
147, 2e45c21a-bea9-505c-9bae-e918736f512d, 180, 0
278, 5c697d2a-ea9a-5c5b-9358-166810610fa9, 21600, 14
57, 10d43393-053f-5011-afb5-b28bfe3167b9, 10, 0
298, 6076233b-ad63-5a45-889b-d06bfa191a5b, 30, 0
320, 67b07607-576f-507d-b467-669c8d1da4be, 120, 0
603, c60d4eae-c0e1-5185-8428-0ce35d46066d, 21600, 2
700, e73f40a4-7526-50f8-82f2-cc05f45f1a79, 21600, 2
179, 3914ebac-0d90-539f-a800-d0064f296a44, 10, 0
266, 56753177-622a-5ca9-8e40-ea8af39c2a10, 21600, 2
483, 9e7303d6-3002-5182-9620-507a70151d40, 21600, 22
623, ce2389cd-4757-5680-96b7-ae35872f7139, 260, 0
742, fa741d55-5593-5cae-94a8-0f5464a35cf1, 10, 0
367, 772ed6c5-aa0d-55c9-a106-cbbb951fa49a, 21600, 3
373, 787cdd0f-5158-5286-beb5-8430ca94b7bd, 670, 0
556, b6c71514-9908-51a7-955c-0e21f51d4ac5, 10, 0
73, 151a0985-62ec-54c9-88d0-35465040545f, 10, 0
344, 6f4d8859-8bed-575f-b57e-5896c8306cac, 30, 0
432, 8c124acb-71a1-553a-b750-e49d6f272a90, 10, 0
467, 991edea5-909c-5088-8077-db617b172c32, 21600, 17
468, 9a2c4190-a5e3-5dfb-8bbf-0a9761bd4cb6, 21600, 17
488, 9f7b9527-ab9d-57d3-83af-34809d16f171, 21600, 22
491, a058c99a-9285-5beb-b567-d262f7a76825, 21600, 98
687, e24fc146-4064-503b-bc35-587ff47330a6, 21600, 42
705, e939aa58-7c65-51db-91e9-e8cb192eeaa5, 12060, 0
745, fb0169c3-e0d1-5fd4-b132-c44d21ccac16, 21600, 42
80, 18b905b7-54c0-506e-b440-fabe1dfc9bb3, 21600, 98
143, 2ce356b0-4a61-5678-a4a0-25ae2c98f78f, 21600, 2
209, 42c345ad-a63e-54f4-a943-7ed367d53fc4, 21600, 3
310, 64cdc609-e4bc-5acf-892e-bdb02130f02d, 21600, 17
533, ad3c4740-7615-5b96-ba09-774916613959, 21600, 42
710, eb36ea17-cddb-573b-916d-9aed3e8cae97, 21600, 2
22, 084ca85b-409a-57c9-87d6-23a1dd3ff865, 21600, 17
52, 0f5f29a7-07fe-5fc3-9d43-7a1166d9b03c, 18020, 0
149, 2f4d1738-fc6d-596b-99ef-3e8473efa3c4, 21600, 42
342, 6e55a990-96f7-59c9-9848-03c5f2ba86cb, 21600, 36
389, 7fb5a391-850d-50bf-bb9f-f0d7e21a2519, 21600, 98
712, eca5546a-635a-5cf1-8f80-594d5028e138, 10, 0
107, 1f7065f0-3178-5ed0-a674-69f9b5540a1b, 20, 0
178, 38ed9caf-0164-51dd-aaf9-91301ed7abf6, 21600, 36
221, 474d6df8-5121-5120-9b88-a4bcdcc7c99f, 21600, 2
545, b160fde2-af8e-526a-a456-8a5ef6e66eef, 30, 0
546, b2b87457-bf74-5a8b-b027-e09bad6042f0, 220, 0
649, d5539647-a481-5875-a5bc-3e69d3647b88, 7530, 0
719, ef2f8598-7482-55fc-ac27-51e76d93ad9f, 21600, 42
192, 3bb4dca4-9f55-50eb-beba-cc38f79e1f26, 1940, 0
523, ab630559-1787-5d7b-b5a1-1de331558c70, 5870, 0
582, bd5a32ce-eb19-5f82-97a8-4d0f81ad6201, 21600, 42
612, cab9c0f4-f2f9-567b-b7ad-ba71be03f28e, 10, 0
621, cd8ad737-d4a0-56a8-b643-823aba36c469, 21600, 98
650, d601afee-627b-5463-a7d3-0624a690a750, 21600, 2
127, 27cd5394-458f-5566-8fe1-dc36856612f5, 21600, 42
299, 61041c97-6cea-5bd4-a49f-ee380dac4de1, 21600, 22
316, 663d96b5-2061-5cd6-8adc-f75bc3bd4e5d, 21600, 4
633, d20604b8-1c55-5e57-b13a-209f07bc9e0c, 21600, 2
665, dafbfe6b-f17a-5550-9d51-65ea2c957875, 10, 0
242, 4f4bbddf-695d-5dab-ab2f-6795fbe59695, 21600, 17
364, 75a39468-f4b7-5c98-9f3a-9af030b2d191, 21600, 98
448, 9212b8a8-d534-536c-84ca-624d7cd87df7, 6680, 0
704, e8ed6e40-29c8-5d14-8f1f-8e32cc3c5f69, 21600, 2
339, 6d7e82f3-a8f3-5313-90b9-67145c1f05ed, 21600, 4
379, 7a756a47-b9b5-57d1-a09f-ba133f90681c, 170, 0
399, 844dc6e2-d028-5cce-b7e6-d0a1fc683793, 21600, 42
607, ca592c10-82d8-5a19-8712-3e16116f6146, 10, 0
631, d1b41a85-9984-560c-b1e9-e0d360fda52d, 21600, 98
732, f617854e-81f2-5fe5-a951-b674ecc5a5bf, 10, 0
75, 16706d0d-ccb6-5991-9e14-c87a12d8a7b2, 21600, 25
180, 395005af-a42c-587f-9c46-860f3061ef0d, 10, 0
382, 7af327f3-39f0-5506-87a3-9874be5e6ef1, 10, 0
29, 0a7b06ae-b165-5459-91f2-22df3aca3684, 21600, 98
222, 47a45bc8-8a1f-5078-a6d1-fb5032d18e85, 10, 0
243, 4f8afedf-47ee-56cf-b44a-0ae47e8927ac, 21600, 22
275, 5ae5e068-5567-5247-930f-9f3c1246ac9d, 10, 0
358, 72fca8bf-6a7e-5ceb-a89b-1d1a254e26e4, 21600, 98
571, ba9c3eff-7ffa-5794-aac8-3dadf3e21a1c, 12100, 0
598, c28e4ace-2786-50fb-9910-b38f21eecf88, 10, 0
639, d2cd8032-061d-58b4-ae2b-153a90aa2558, 10, 0
673, dd9c1b0c-c990-52f8-be37-e99ed371e1ab, 21600, 98
15, 059503cf-2765-56de-a2f7-17a8eca7609c, 21600, 2
20, 077eed9d-aae7-5466-bfc3-6e18030af8f1, 21600, 4
30, 0a8386d3-dbfe-562f-8e89-28163751e9a4, 21600, 2
49, 0ed76aca-9228-5b47-9df4-f2d0089ba92d, 21600, 98
92, 1bffc7cc-a3c0-5f3b-8510-fc6da04d641d, 21600, 2
139, 2b272ed8-d247-59e2-8e80-d2cd1bb78099, 10, 0
220, 46bb91f1-97ec-524a-8219-46b103de89fd, 21600, 2
427, 8a741ccd-b04e-5173-bc0d-bb676c6948fd, 50, 0
429, 8b7f5468-3c05-504a-bc4d-1b0313aa1914, 150, 0
509, a66a493e-e89b-5ba1-a55f-a573bb97ba23, 21600, 3
303, 62456cbd-ec7b-53c4-9302-ec18fd7c94a9, 10, 0
356, 722bac54-352e-5995-a718-6b30c585241c, 10, 0
640, d2e9ea6e-e08e-5d02-8c4e-0d776d908b11, 21600, 14
691, e4baf164-7189-5407-8819-791f5be40f02, 20, 0
87, 196802d4-da8d-5ba6-b3de-b91532d982d3, 20, 0
133, 28d989b9-a88a-52ec-b88f-bdf5e936e8cc, 10, 0
210, 42e7dcd2-1fc4-53f8-8d7b-0d6df311dc0b, 10, 0
229, 4aea6ecd-ca3b-5871-a75f-e694968d8c4f, 10, 0
300, 61386a09-f72c-507d-908c-ff4d422b30e2, 21600, 2
686, e2037881-cb16-5e2a-b58f-7071d220fe2b, 21600, 98
302, 6187b17d-ae41-5e8d-821e-84ff726ae371, 250, 0
360, 730a2ba4-eaef-52e3-b4d7-77ac153ab9ab, 240, 0
402, 8497a2a1-9d30-52e5-93b5-459968263c66, 21600, 42
605, c766d606-56f6-5ec1-9319-f89a8e5082da, 10, 0
628, d017a7d4-2088-5792-9fbe-689bd6cafdcd, 21600, 22
671, dd233793-c847-59c7-b5ba-8be19b0dcea9, 10, 0
500, a3354246-a65f-5569-813a-448da444303a, 21600, 98
561, b7f2094f-5f81-5734-8fa0-04955b94b691, 21600, 4
67, 13d836c5-5992-581b-89cc-f874d39eb896, 30, 0
202, 3f816cd2-a333-58ca-84d0-0e7be661ea17, 21600, 2
263, 55c37ab8-1842-52d7-83b9-f9689893afd0, 21600, 98
336, 6cab9638-bde9-5684-8244-ce7dee5ace80, 21600, 17
473, 9bd40dc1-e5f1-5f6a-81d3-b466d43842d0, 21600, 4
672, dd2bae66-6734-52fd-9dca-17a39594372b, 10, 0
45, 0e519b18-3c2c-5949-8eaa-fbede13c3727, 21600, 98
76, 17325726-fd46-53f4-b564-9cc9e78262b2, 40, 0
305, 62ac7bd8-f09f-5d38-be13-9c19fa720d64, 10, 0
328, 6977a825-fb1c-5e21-9b93-7d3cbcc726f8, 21600, 14
404, 84dc972d-65d0-532e-82af-eb41b93f3532, 21600, 25
674, ddcfe8d8-7f19-55ba-94dc-60513f68ea37, 12140, 0
46, 0e659803-baf8-51d3-9bc4-f8726bfa617d, 21600, 36
181, 39836fe4-4435-5860-9351-ba3eee5f8de2, 10, 0
213, 43847276-97b8-5bfc-b33a-7c5ecb9b4c92, 21600, 3
261, 5568ca86-fcd1-5dc3-b4f3-2a2f0f62545d, 21600, 2
366, 76a6de71-7636-56cd-9eea-d5aad7ac1269, 1910, 0
430, 8b8f53ab-bf88-53f1-b177-480c1ea06cea, 12010, 0
431, 8beb0958-83d8-5301-b950-9300e24d9914, 8420, 0
435, 8db02180-8a91-56fb-9c0f-5ead66d220e2, 750, 0
536, ada96576-dc15-52ed-9bbd-0c85ce2f51b9, 10, 0
563, b8e51311-a54d-56c2-8a87-2eae0ec68cdc, 20, 0
23, 08a8c3bc-1f83-5e7b-b6a4-4849ba58ee14, 90, 0
186, 3ac1cf06-c9a1-5613-bcbe-50a876b67ec4, 90, 0
264, 55edc102-c487-55e8-9ab7-08c0ee2c59a4, 1200, 0
411, 862bceb1-85b2-5e7d-8913-bf4918436e74, 21600, 3
670, dc9c3454-00db-5632-a3c9-c20a0e5d2888, 50, 0
726, f289c092-fbc1-5886-9cf4-b5e01611921b, 20, 0
11, 03a572ea-f261-5b8c-8728-96b8ecbc8f1d, 21600, 98
89, 19daf0f0-2217-5f91-99e8-6efc564b2979, 10, 0
203, 3f817539-41aa-56f4-8bf8-88598e2f5c2b, 200, 0
260, 5535254b-7402-59ef-85e3-039d4f30af08, 21600, 3
688, e2eb2d4e-fd7e-535c-a548-47280f0e02c4, 620, 0
124, 276a39a2-a25a-565f-a62d-d72058bc876c, 21600, 3
253, 51c718bf-e1bb-5dcd-8c6f-02b862205e37, 21600, 25
381, 7aba1654-b7da-5d5a-bb11-4eb369972ed1, 30, 0
387, 7f2d4f14-3cf0-5a9e-8f7d-3a41ceeaeb72, 21600, 17
440, 8e8f5af7-861e-5679-a4f4-c419f3ea2d6d, 21600, 2
458, 9523d443-8bd8-58b3-9147-e905940b2e9b, 330, 0
487, 9f4e9cb1-7a7b-5140-864a-484b1dae0118, 10, 0
504, a5012774-7eac-5671-a759-c8c5e63ce0aa, 21600, 14
569, ba24c977-a5ff-5622-adaa-311af963dce2, 21600, 4
587, bf3ca8be-a9fa-54f5-8319-6c3e5d6e76ad, 940, 0
694, e4d4df35-2b0d-562a-801c-8f588dcf803a, 10, 0
118, 2544390c-0580-5926-9def-1e970bdc1eff, 21600, 2
164, 340a8d2b-e286-58ee-811a-21941fcc1132, 10, 0
393, 8212386e-d472-55de-b97e-55c3bfb45ee5, 10, 0
627, cf1e70b0-ac7d-533a-a467-d2475fbed0cc, 10, 0
739, f9ebf78a-f787-5266-9644-08fb717ac60f, 10, 0
28, 0a764342-837c-5996-8e5f-5ddc17ea2595, 21600, 36
156, 30c3d3d9-6280-592c-b5f0-dcf86c202bad, 21600, 25
175, 384fb9ae-5c5e-53c3-9622-ac2b3c4eb769, 21600, 4
249, 50a8b458-c396-5992-8958-a88d482aaaa6, 10, 0
737, f93dd649-706b-57d2-afe5-331134a1dc1d, 21600, 22
111, 20dbd4ec-74a5-5cfa-b99b-c75358487eb9, 600, 0
148, 2ebd1c29-e3df-5ccc-89cc-4d21a1bb8f67, 21600, 98
185, 3a8583af-5f5e-5df1-bc5b-bee699bc8107, 7530, 0
453, 932eb49e-2a3a-5a7d-adbb-cc504624a869, 21600, 2
541, b018b243-79dd-574b-917e-695026096160, 140, 0
113, 219e75b2-017a-5928-adad-6294a3310af0, 21600, 25
173, 37dc8b7c-3839-50db-904c-758164b64954, 10, 0
401, 848d3004-67a6-5bf7-a058-7835b73dff7f, 18900, 0
617, ccf23d09-f979-588e-92ef-72fe2368ccd1, 210, 0
121, 2751cf6b-f0a7-5c6f-8238-a87c5df8eb05, 21600, 36
144, 2d0a855c-df36-56db-a518-66058f4ce9a6, 21600, 42
204, 3f8d9f0e-7319-55bd-bc40-d626ceb26090, 21600, 98
207, 41f9268b-5f90-5ae5-899e-332340047f1a, 21600, 36
241, 4f35465a-c270-5284-9f31-ff6737a7d54e, 21600, 36
454, 936e9c88-af2f-5a59-bf6f-28923d33f98c, 30, 0
502, a387045c-d0ae-52e6-bac8-7f1f6ec4af93, 21600, 36
513, a7653f02-7af6-5198-8e6a-ac734d4400de, 21600, 98
538, ae793445-2136-55eb-95b2-c2cc330c4d8a, 260, 0
93, 1c0a1285-a10d-5a6d-b538-b1954b2c9124, 21600, 98
216, 453158e3-258a-5a0c-80e7-cef68a51e56e, 21600, 17
247, 50159f8f-3788-53f5-8a7b-83175d50dd92, 21600, 42
730, f4c42f47-4e54-5181-b6ce-48f83dc0d900, 8910, 0
43, 0de7ce55-5eb6-59d9-bcf6-86dbf01de508, 21600, 22
297, 603f5dc2-f35f-5a7e-ac2a-e7734d462e2e, 10, 0
620, cd6733cb-003b-5ef8-a358-59c6698c84f4, 260, 0
746, fb7a5216-c1e2-5488-99ac-b5b167a6c7a4, 21600, 36
98, 1d29f6d7-0d4e-5302-bcf2-63cb47af533b, 10, 0
142, 2bc0fed9-8ef7-528e-a12a-b7fd167ca940, 21600, 98
318, 670a0604-3155-5b21-b35f-0e28ddc43812, 21600, 42
371, 7846ca36-6260-52c3-9b70-f299179ed603, 21600, 98
437, 8e06176c-ab3e-53c5-8171-6e8456cf5e2b, 21600, 98
475, 9c72928b-7dd2-5b03-9c7c-ad9ba1c60fc7, 230, 0
376, 798dd9c4-0587-5b96-bdb8-7c9689681678, 21600, 22
409, 85b9df51-9952-5d3e-94e3-a21afb71d55e, 970, 0
558, b744aaac-d375-5b0b-a6a3-8abc94add23b, 10, 0
566, b9ddb34c-689c-5c9d-a26f-fdb529a663e5, 21600, 14
708, eabcdccc-c780-5d3f-b966-b47c6310b457, 21600, 3
21, 080eb277-63d3-57bd-a9ba-bd04f02ba65b, 21600, 17
31, 0a9433cc-5644-52c8-98d0-0fe11b54efb4, 21600, 98
481, 9e3f0f12-dc46-5388-85ef-1d41eba0daa1, 21600, 25
61, 126f912f-8bf3-5900-aba7-359f546256b8, 21600, 2
129, 2826b908-8530-5a9d-a29c-3928ba84b581, 10, 0
146, 2d339fdd-7d7a-57a3-b600-ab74419a759e, 710, 0
255, 5276f1fa-a112-5f23-ad79-b7b7985cb719, 6560, 0
412, 863a1b8d-a807-5b1a-b067-d03a81fbac42, 21600, 22
414, 86720dee-727f-5e67-9ff3-710973024345, 30, 0
14, 04d36032-ff91-5212-b690-eec2593ece31, 10, 0
63, 12f8a606-5593-545b-bcea-17c614080645, 21600, 22
477, 9d652d38-eb0e-5983-b251-fd5e8fa308ee, 40, 0
482, 9e63679d-59f1-572f-aab3-43ffeb34bc42, 21600, 36
519, aaa1be6d-d9c8-5acd-81ac-742de8500a76, 21600, 6
256, 52ca8293-cdf8-5991-91ed-c035dd84877b, 21600, 36
270, 57e3b775-bcf7-554e-8a90-8426ffe980fd, 10, 0
319, 67afc70f-d9c3-55d6-adda-6d08afc68e54, 10, 0
441, 8ecfe482-1838-5a87-9988-e2f55de0888c, 10, 0
565, b9c6c66a-ae05-5279-a65d-f95deda809a8, 6690, 0
594, c0de31af-bccf-5676-af71-70df2d66c443, 10, 0
681, dfc99105-c3cc-53bf-b16c-223cb8887076, 21600, 36
698, e67b68fe-6a72-5b0a-9a4b-8e3c0fc6e2f9, 21600, 36
171, 371b7b2c-2831-532e-a77d-d62b2b4ca496, 21600, 6
217, 45e4a3f9-01b6-5342-bb36-2de42d77f55b, 10, 0
225, 4a352ceb-0e5a-5a97-920d-42659fbad1d1, 21600, 98
385, 7c80364d-07d0-53dc-9619-eef87249b586, 21600, 36
444, 9035a60b-6fd4-5250-9e20-0e2ec24c2c53, 21600, 98
539, af3d2dba-32c2-5b78-84af-713fa6e8b7e9, 21600, 42
548, b36ccae6-03cc-58a5-8e0a-820ca37da77f, 21600, 2
593, c05dc094-88cb-5b16-a682-61cedcda00e8, 21600, 25
622, cddd07b3-0676-50af-ba45-ced1085107d2, 21600, 2
716, ed8db51b-1aab-5add-8a90-6597404916da, 5870, 0
718, ef1acb7e-2ed6-5eb0-a958-2782995824cd, 10, 0
724, f1c16874-e332-51bd-901e-6b6b283814c3, 21600, 2
725, f20dd546-5aa8-55ae-a6e8-a21c822fb59f, 21600, 42
9, 03905808-24e3-5cb9-b0fb-485eb2e9331e, 21600, 14
34, 0b83ed35-67fb-5e1f-ab85-06011f1dc2d1, 10, 0
131, 289a8431-9d55-561b-856b-dfff62b0a3c9, 21600, 42
170, 36d4e532-779e-50b2-b6ba-0a5f1703c787, 10, 0
176, 38b46ff6-0a6f-5841-9e89-affbad1ed9eb, 21600, 98
363, 746890b8-ceed-5b3a-9edf-279cc5e8d56f, 10, 0
410, 862851f6-c790-5b99-b778-87cf3f5b11b1, 21600, 42
459, 9554f7c8-b23b-5a28-a5ae-33d50144ee0c, 21600, 42
485, 9f165136-f88a-5c46-9c62-9f503d9e9925, 130, 0
516, a9ee6b31-0813-507a-b069-5cc855241a24, 21600, 4
597, c239874a-0abb-52d0-973f-27dd4f06b81f, 8890, 0
614, cafc31ea-c5e6-536e-9b51-a72e35907cbb, 21600, 2
159, 315a413f-b7b0-58aa-8d2a-df4648decfd2, 21600, 98
494, a1389121-6d13-54f3-8c60-651581ac6c3b, 21600, 98
734, f662f629-cc81-5ab0-89b4-3707738dc373, 10, 0
368, 7740b116-8a7a-514a-a82e-40e21e99c18b, 21600, 98
449, 922477e3-2b34-527b-b145-56a1d7327f66, 120, 0
474, 9c045ed4-9f33-5511-9cb3-a5ea752ec8e7, 410, 0
501, a34fcffc-d117-58d9-8164-102849b3b3fd, 21600, 17
510, a6fd8a56-7ab2-5f6b-95d5-e0e96cf3b271, 10, 0
753, fe7c5729-c580-5254-8ee1-ffb33375cdac, 21600, 14
3, 0133e620-fa49-5f03-86ba-762a4e318ea7, 10, 0
42, 0db02e2c-6bec-5aa4-9b83-e7daa17536ba, 10, 0
233, 4c161ab6-6272-5f61-9aaf-42c0e2f5d571, 21600, 17
285, 5d86a3bd-0b93-5e76-ae51-3eeddbab0ab1, 18900, 0
346, 6fd99d67-7e31-528b-8abe-1d65d73f5f16, 21600, 36
423, 88764253-d926-5a27-8b8e-767382e765f8, 10, 0
520, aac67e36-5827-50cb-9ed4-ae0d5fe55355, 10, 0
542, b0626ec3-abf4-520b-9b40-9373e7d15641, 10, 0
589, bf6465b4-85d5-5edd-8bf0-2acec187dc0a, 21600, 2
747, fc6a945d-0388-58e8-bcda-09be416f1f57, 10, 0
82, 18e5722f-7f68-54d6-a821-637f6657fef9, 21600, 42
196, 3c325ff3-ffde-5fc1-b658-c4e476dfc2f6, 21600, 25
286, 5d8c065c-a890-57fc-bf11-bec249b3c685, 21600, 98
348, 702b08e1-95a5-5a85-adcb-bbb0014eb0f3, 21600, 22
380, 7a7a4e36-62bf-58b1-aec7-737e2b0a1294, 21600, 2
652, d68ef7e0-5404-5743-9999-20499476da83, 21600, 2
717, ee04481b-c178-5f43-a1da-1d92b7c2e8f3, 10, 0
720, ef6e5b8c-81ac-5266-9c39-060e40206ba5, 21600, 2
735, f72c655a-7931-5c96-b074-f4a562f402f0, 150, 0
18, 062735df-0192-5181-9e3b-3e16da5fc1a3, 220, 0
84, 192d096f-4b2b-53f8-9794-d1c054b96474, 21600, 36
215, 44d81562-28b7-5730-a5d0-2d405f993148, 21600, 98
312, 653a704a-527a-5c27-8129-a1d21583b1e5, 8420, 0
486, 9f3a0035-4de2-5d98-a03a-1b84590a8e82, 21600, 17
551, b50979e9-f800-527a-9d8e-f3f2913ec19e, 210, 0
562, b832fa90-dc5b-5fed-b4f4-a1bdf6d8b554, 21600, 3
572, baa974b4-2caa-5315-9af3-ed08e200d742, 21600, 4
749, fcfcad19-fb74-5265-8951-8a0df6f467c7, 770, 0
152, 2f6d89aa-6b71-55cb-9be2-13613b62a38d, 30, 0
433, 8c84a99f-d549-5812-ae7b-99e4e5b897fc, 250, 0
661, d9dce271-4c57-5295-9078-d6a9c2ab0bc9, 21600, 3
729, f4a818c3-6a0e-5a53-b41a-60b83548306b, 260, 0
85, 1949f83c-c50f-59d5-b15d-c2cca2992f7c, 21600, 42
123, 275d6375-d407-53d2-a600-7dfb3ee544b2, 10, 0
163, 34062c79-b4a4-5103-a66a-3403572cc53f, 21600, 25
224, 492b3017-7319-5674-9902-4c66d669bfda, 21600, 42
390, 804d5b20-1cbd-51a7-9ca9-9025abd6e6a1, 21600, 36
415, 8673d524-3777-55c0-9281-12a0f2181857, 21600, 25
450, 92cbf732-ed6c-58a9-90cc-355b7d48947f, 21600, 36
460, 955e3dd8-a911-5e10-a5db-4fec2eb6c657, 21600, 17
738, f9a4127d-1192-5bd8-96b4-f914024f8a60, 10, 0
